keywordID:ID,name,:LABEL
abandon4,Abandon,Keyword
ability4,Ability,Keyword
absence4,Absence,Keyword
absolute4,Absolute,Keyword
abstract4,Abstract,Keyword
accept4,Accept,Keyword
acceptable4,Acceptable,Keyword
accidental4,Accidental,Keyword
accomplish4,Accomplish,Keyword
account4,Account,Keyword
accumulate4,Accumulate,Keyword
accuracy4,Accuracy,Keyword
accurate4,Accurate,Keyword
achieve4,Achieve,Keyword
acquire4,Acquire,Keyword
acquiring4,Acquiring,Keyword
acting4,Act,Keyword
action4,Action,Keyword
actively4,Actively,Keyword
activities4,Activities,Keyword
activity4,Activity,Keyword
actorobserver4,Actor-Observer,Keyword
actual4,Actual,Keyword
addition4,Addition,Keyword
admire4,Admire,Keyword
adolescence4,Adolescence,Keyword
adult4,Adult,Keyword
advantage4,Advantage,Keyword
adversary4,Adversary,Keyword
affect4,Affect,Keyword
after4,After,Keyword
against4,Against,Keyword
ageindependent4,Age-Independent,Keyword
agent4,Agent,Keyword
agree4,Agree,Keyword
ahead4,Ahead,Keyword
alone4,Alone,Keyword
along4,Along,Keyword
already4,Already,Keyword
alter4,Alter,Keyword
although4,Although,Keyword
ambiguous4,Ambiguous,Keyword
amount4,Amount,Keyword
analogies4,Analogies,Keyword
anchor4,Anchor,Keyword
anger4,Anger,Keyword
angry4,Angry,Keyword
animal4,Animal,Keyword
anonymous4,Anonymous,Keyword
another4,Another,Keyword
answer4,Answer,Keyword
anticipate4,Anticipate,Keyword
anxious4,Anxious,Keyword
anyone4,Anyone,Keyword
anything4,Anything,Keyword
appeal4,Appeal,Keyword
appear4,Appear,Keyword
appearance4,Appearance,Keyword
append4,Append,Keyword
apply4,Apply,Keyword
appointment4,Appointment,Keyword
appreciate4,Appreciate,Keyword
approach4,Approach,Keyword
appropriate4,Appropriate,Keyword
area4,Area,Keyword
argument4,Argument,Keyword
arises4,Arise,Keyword
around4,Around,Keyword
arousal4,Arousal,Keyword
arrange4,Arrange,Keyword
arrangement4,Arrangement,Keyword
ascribe4,Ascribe,Keyword
ashamed4,Ashamed,Keyword
asleep4,Asleep,Keyword
aspect4,Aspect,Keyword
assemble4,Assemble,Keyword
asset4,Asset,Keyword
assign4,Assign,Keyword
associate4,Associate,Keyword
assume4,Assume,Keyword
assumption4,Assumption,Keyword
astrology4,Astrology,Keyword
attempt4,Attempt,Keyword
attention4,Attention,Keyword
attitude4,Attitude,Keyword
attraction4,Attraction,Keyword
attractive4,Attractive,Keyword
attractiveness4,Attractiveness,Keyword
attribute4,Attribute,Keyword
attributing4,Attributing,Keyword
attribution4,Attribution,Keyword
authority4,Authority,Keyword
automate4,Automate,Keyword
automatic4,Automatic,Keyword
availability4,Availability,Keyword
available4,Available,Keyword
average4,Average,Keyword
aversion4,Aversion,Keyword
avoid4,Avoid,Keyword
aware4,Aware,Keyword
backfire4,Backfire,Keyword
background4,Background,Keyword
backward4,Backward,Keyword
bad4,Bad,Keyword
base4,Base,Keyword
basically4,Basically,Keyword
basis4,Basis,Keyword
become4,Become,Keyword
becoming4,Becoming,Keyword
before4,Before,Keyword
beginning4,Begin,Keyword
behave4,Behave,Keyword
behavior4,Behavior,Keyword
behaviour4,Behaviour,Keyword
being4,Being,Keyword
belief24,Belief,Keyword
believability4,Believability,Keyword
believe4,Believe,Keyword
belong4,Belong,Keyword
beneficial4,Beneficial,Keyword
benign4,Benign,Keyword
betray4,Betray,Keyword
better4,Better,Keyword
betterthanaverage4,Better-Than-Average,Keyword
between4,Between,Keyword
big4,Big,Keyword
bigger4,Bigger,Keyword
bill4,Bill,Keyword
bills4,Bills,Keyword
biological4,Biological,Keyword
bit4,Bit,Keyword
bitten4,Bitten,Keyword
bizarre4,Bizarre,Keyword
blame4,Blame,Keyword
bleak4,Bleak,Keyword
blocking4,Block,Keyword
body4,Body,Keyword
bold4,Bold,Keyword
bolster4,Bolster,Keyword
both4,Both,Keyword
bother4,Bother,Keyword
brain4,Brain,Keyword
break4,Break,Keyword
broader4,Broader,Keyword
busy4,Busy,Keyword
buy4,Buy,Keyword
calculate4,Calculate,Keyword
candidate4,Candidate,Keyword
cannot4,Cannot,Keyword
capture4,Capture,Keyword
care4,Care,Keyword
careless4,Careless,Keyword
case4,Case,Keyword
catch4,Catch,Keyword
caught4,Caught,Keyword
cause4,Cause,Keyword
causing4,Causing,Keyword
center4,Center,Keyword
certain4,Certain,Keyword
certify4,Certify,Keyword
chance4,Chance,Keyword
change4,Change,Keyword
changing4,Changing,Keyword
characteristic4,Characteristic,Keyword
characterize4,Characterize,Keyword
charge4,Charge,Keyword
charm4,Charm,Keyword
cheat4,Cheat,Keyword
check4,Check,Keyword
children4,Children,Keyword
chocolate4,Chocolate,Keyword
choice4,Choice,Keyword
chose4,Chose,Keyword
chosen4,Chosen,Keyword
chronological4,Chronological,Keyword
circumstance4,Circumstance,Keyword
claim4,Claim,Keyword
class4,Class,Keyword
clear4,Clear,Keyword
clearly4,Clearly,Keyword
clockwise4,Clockwise,Keyword
close4,Close,Keyword
closely4,Closely,Keyword
closer4,Closer,Keyword
closing4,Closing,Keyword
cloud4,Cloud,Keyword
cluster4,Cluster,Keyword
cognition4,Cognition,Keyword
cognitive4,Cognitive,Keyword
coin4,Coin,Keyword
coincidence4,Coincidence,Keyword
cold4,Cold,Keyword
collective4,Collective,Keyword
combine4,Combine,Keyword
come4,Come,Keyword
coming4,Coming,Keyword
commission4,Commission,Keyword
commit4,Commit,Keyword
commitment4,Commitment,Keyword
common4,Common,Keyword
communicate4,Communicate,Keyword
compare4,Compare,Keyword
comparing4,Comparing,Keyword
compassionately4,Compassionately,Keyword
compelled4,Compelled,Keyword
compete4,Compete,Keyword
competence4,Competence,Keyword
complain4,Complain,Keyword
complete4,Complete,Keyword
completely4,Completely,Keyword
complex4,Complex,Keyword
complying4,Comply,Keyword
composition4,Composition,Keyword
computationally4,Computationally,Keyword
concentrate4,Concentrate,Keyword
concentrating4,Concentrating,Keyword
concept4,Concept,Keyword
conclusion4,Conclusion,Keyword
concurrent4,Concurrent,Keyword
condition4,Condition,Keyword
confidence4,Confidence,Keyword
confirm4,Confirm,Keyword
conflict4,Conflict,Keyword
conformity4,Conformity,Keyword
confusing4,Confusing,Keyword
congruent4,Congruent,Keyword
conn4,Conn,Keyword
connection4,Connection,Keyword
consensus4,Consensus,Keyword
consider4,Consider,Keyword
considering4,Consider,Keyword
consistent4,Consistent,Keyword
conspiracy4,Conspiracy,Keyword
constrain4,Constrain,Keyword
construct4,Construct,Keyword
consume4,Consume,Keyword
consumption4,Consumption,Keyword
contact4,Contact,Keyword
content4,Content,Keyword
context4,Context,Keyword
contracts4,Contracts,Keyword
contradicts4,Contradicts,Keyword
contrasting4,Contrast,Keyword
control4,Control,Keyword
conversation4,Conversation,Keyword
convincing4,Convincing,Keyword
cooperating4,Cooperating,Keyword
copies4,Copies,Keyword
correct4,Correct,Keyword
correction4,Correction,Keyword
corresponding4,Correspond,Keyword
cost4,Cost,Keyword
could4,Could,Keyword
count4,Count,Keyword
counterpart4,Counterpart,Keyword
courtesy4,Courtesy,Keyword
crave4,Crave,Keyword
crazy4,Crazy,Keyword
creating4,Creating,Keyword
critical4,Critical,Keyword
crowd4,Crowd,Keyword
cumulative4,Cumulative,Keyword
current4,Current,Keyword
danger4,Danger,Keyword
dangerous4,Dangerous,Keyword
data4,Data,Keyword
day-to-day4,Day-To-Day,Keyword
dead4,Dead,Keyword
deal4,Deal,Keyword
deceit4,Deceit,Keyword
decision4,Decision,Keyword
decisionmaking4,Decision-Making,Keyword
decline4,Decline,Keyword
decreasing4,Decreasing,Keyword
default4,Default,Keyword
defend4,Defend,Keyword
deficiency4,Deficiency,Keyword
degree4,Degree,Keyword
dehumanise4,Dehumanise,Keyword
deliberate4,Deliberate,Keyword
demand4,Demand,Keyword
demonstrate4,Demonstrate,Keyword
denominate4,Denominate,Keyword
depend4,Depend,Keyword
dependent4,Dependent,Keyword
depending4,Depending,Keyword
depression4,Depression,Keyword
describe4,Describe,Keyword
description4,Description,Keyword
deserve4,Deserve,Keyword
desirable4,Desirable,Keyword
desire4,Desire,Keyword
despite4,Despite,Keyword
detail4,Detail,Keyword
detection4,Detection,Keyword
determinant4,Determinant,Keyword
determining4,Determining,Keyword
devaluing4,Devaluing,Keyword
develop4,Develop,Keyword
didn't4,Didn'T,Keyword
difference4,Difference,Keyword
different4,Different,Keyword
differentiating4,Differentiating,Keyword
difficult4,Difficult,Keyword
diminish4,Diminish,Keyword
direct4,Direct,Keyword
direction4,Direction,Keyword
disaster4,Disaster,Keyword
disbelieve4,Disbelieve,Keyword
discard4,Discard,Keyword
disconfirming4,Disconfirm,Keyword
disconnect4,Disconnect,Keyword
discounting4,Discount,Keyword
discourse4,Discourse,Keyword
discriminate4,Discriminate,Keyword
discussing4,Discuss,Keyword
dismiss4,Dismiss,Keyword
disparag4,Disparag,Keyword
displace4,Displace,Keyword
dispositional4,Dispositional,Keyword
disproportionate4,Disproportionate,Keyword
disput4,Disput,Keyword
disregard4,Disregard,Keyword
dissatisfied4,Dissatisfied,Keyword
dissenting4,Dissent,Keyword
dissimilar4,Dissimilar,Keyword
distance4,Distance,Keyword
distinctiveness4,Distinctiveness,Keyword
distort4,Distort,Keyword
distract4,Distract,Keyword
distributive4,Distributive,Keyword
disutility4,Disutility,Keyword
division4,Division,Keyword
dollar4,Dollar,Keyword
dominate4,Dominate,Keyword
double4,Double,Keyword
doubt4,Doubt,Keyword
down4,Down,Keyword
drawing4,Draw,Keyword
draw4,Draw,Keyword
dread4,Dread,Keyword
dream4,Dream,Keyword
dream-like4,Dream-Like,Keyword
drive4,Drive,Keyword
duration4,Duration,Keyword
dynamic4,Dynamic,Keyword
dysfunctional4,Dysfunctional,Keyword
early4,Early,Keyword
earth4,Earth,Keyword
easier4,Easier,Keyword
easiest4,Easiest,Keyword
easily4,Easily,Keyword
easy4,Easy,Keyword
eccentric4,Eccentric,Keyword
economic4,Economic,Keyword
edge4,Edge,Keyword
effect4,Effect,Keyword
effective4,Effective,Keyword
egocentric4,Egocentric,Keyword
either4,Either,Keyword
emotion4,Emotion,Keyword
emotional4,Emotional,Keyword
emphasize4,Emphasize,Keyword
emphasizing4,Emphasizing,Keyword
empirical4,Empirical,Keyword
encoding4,Encoding,Keyword
endowment4,Endowment,Keyword
energetic4,Energetic,Keyword
energy4,Energy,Keyword
engage4,Engage,Keyword
engine4,Engine,Keyword
enhancement4,Enhancement,Keyword
enjoy4,Enjoy,Keyword
enough4,Enough,Keyword
enthusiastic4,Enthusiastic,Keyword
entire4,Entire,Keyword
environment4,Environment,Keyword
episode4,Episode,Keyword
episodic4,Episodic,Keyword
equally4,Equally,Keyword
equivalent4,Equivalent,Keyword
error4,Error,Keyword
estimate4,Estimate,Keyword
estimating4,Estimating,Keyword
estimation4,Estimation,Keyword
estimations4,Estimations,Keyword
evaluate4,Evaluate,Keyword
evaluating4,Evaluating,Keyword
evaluation4,Evaluation,Keyword
event4,Event,Keyword
eventual4,Eventual,Keyword
every4,Every,Keyword
everything4,Everything,Keyword
evidence4,Evidence,Keyword
exact4,Exact,Keyword
exaggerate4,Exaggerate,Keyword
example4,Example,Keyword
exception4,Exception,Keyword
excessive4,Excessive,Keyword
exclusive4,Exclusive,Keyword
existence4,Existence,Keyword
existing4,Existing,Keyword
expect4,Expect,Keyword
expense4,Expense,Keyword
experience4,Experience,Keyword
experiencing4,Experiencing,Keyword
experiment4,Experiment,Keyword
expert4,Expert,Keyword
explain4,Explain,Keyword
explanation4,Explanation,Keyword
expose4,Expose,Keyword
exposure4,Exposure,Keyword
express4,Express,Keyword
external4,External,Keyword
extreme4,Extreme,Keyword
extrinsic4,Extrinsic,Keyword
face4,Face,Keyword
fact4,Fact,Keyword
fade4,Fade,Keyword
fail4,Fail,Keyword
failure4,Failure,Keyword
fall4,Fall,Keyword
familiar4,Familiar,Keyword
faulty4,Faulty,Keyword
favor4,Favor,Keyword
favour4,Favour,Keyword
fear4,Fear,Keyword
feeling4,Feel,Keyword
feel4,Feel,Keyword
fight4,Fight,Keyword
figure4,Figure,Keyword
final4,Final,Keyword
find4,Find,Keyword
first4,First,Keyword
fish4,Fish,Keyword
fixate4,Fixate,Keyword
flatter4,Flatter,Keyword
focus4,Focus,Keyword
follow4,Follow,Keyword
food4,Food,Keyword
forget4,Forget,Keyword
fortune4,Fortune,Keyword
forward4,Forward,Keyword
found4,Found,Keyword
fraud4,Fraud,Keyword
freedom4,Freedom,Keyword
frequency4,Frequency,Keyword
frequently4,Frequently,Keyword
friend4,Friend,Keyword
fruit4,Fruit,Keyword
frustratingly4,Frustratingly,Keyword
fullest4,Fullest,Keyword
function4,Function,Keyword
fundamental4,Fundamental,Keyword
furniture4,Furniture,Keyword
further4,Further,Keyword
future4,Future,Keyword
gain4,Gain,Keyword
game4,Game,Keyword
gender4,Gender,Keyword
general4,General,Keyword
generate4,Generate,Keyword
generation4,Generation,Keyword
gist4,Gist,Keyword
give4,Give,Keyword
giving4,Giving,Keyword
goal4,Goal,Keyword
going4,Going,Keyword
good4,Good,Keyword
grab4,Grab,Keyword
grade4,Grade,Keyword
graphology4,Graphology,Keyword
greater4,Greater,Keyword
greatly4,Greatly,Keyword
group4,Group,Keyword
grow4,Grow,Keyword
guard4,Guard,Keyword
guilty4,Guilty,Keyword
habit4,Habit,Keyword
hammer4,Hammer,Keyword
hand4,Hand,Keyword
happen4,Happen,Keyword
happy4,Happy,Keyword
hard4,Hard,Keyword
harder4,Harder,Keyword
harm4,Harm,Keyword
harmdoer4,Harm-Doer,Keyword
harmful4,Harmful,Keyword
harmony4,Harmony,Keyword
hate4,Hate,Keyword
having4,Having,Keyword
head4,Head,Keyword
hear4,Hear,Keyword
heavily4,Heavily,Keyword
held4,Held,Keyword
herd4,Herd,Keyword
hesitate4,Hesitate,Keyword
heuristic4,Heuristic,Keyword
hidden4,Hidden,Keyword
high4,High,Keyword
highly4,Highly,Keyword
historic4,Historic,Keyword
hit4,Hit,Keyword
home4,Home,Keyword
honest4,Honest,Keyword
hopeless4,Hopeless,Keyword
hostile4,Hostile,Keyword
hothand4,Hot-Hand,Keyword
hour4,Hour,Keyword
human4,Human,Keyword
humor4,Humor,Keyword
humorous4,Humorous,Keyword
hurt4,Hurt,Keyword
hyperbolic4,Hyperbolic,Keyword
hypotheses4,Hypotheses,Keyword
hypothesize4,Hypothesize,Keyword
idea4,Idea,Keyword
identifiable4,Identifiable,Keyword
identify4,Identify,Keyword
ignore4,Ignore,Keyword
ignoring4,Ignoring,Keyword
ikea4,Ikea,Keyword
iknewitallalong4,I-Knew-It-All-Along,Keyword
illusion4,Illusion,Keyword
illusory4,Illusory,Keyword
image4,Image,Keyword
imagination4,Imagination,Keyword
immediate4,Immediate,Keyword
impact4,Impact,Keyword
implicit4,Implicit,Keyword
importance4,Importance,Keyword
important4,Important,Keyword
improbable4,Improbable,Keyword
improve4,Improve,Keyword
impulse4,Impulse,Keyword
inaccurately4,Inaccurately,Keyword
inaction4,Inaction,Keyword
inadvertently4,Inadvertently,Keyword
incidence4,Incidence,Keyword
inclination4,Inclination,Keyword
inclusion4,Inclusion,Keyword
incompetence4,Incompetence,Keyword
inconsistency4,Inconsistency,Keyword
inconsistent4,Inconsistent,Keyword
incontext4,In-Context,Keyword
incorrectly4,Incorrectly,Keyword
increase4,Increase,Keyword
increasing4,Increasing,Keyword
indicator4,Indicator,Keyword
individual4,Individual,Keyword
inexplicable4,Inexplicable,Keyword
inference4,Inference,Keyword
inferior4,Inferior,Keyword
influence4,Influence,Keyword
informed4,Inform,Keyword
information4,Information,Keyword
injustice4,Injustice,Keyword
innate4,Innate,Keyword
innovation4,Innovation,Keyword
input4,Input,Keyword
insensitive4,Insensitive,Keyword
insist4,Insist,Keyword
instance4,Instance,Keyword
instead4,Instead,Keyword
insufficiently4,Insufficiently,Keyword
insult4,Insult,Keyword
intellectual4,Intellectual,Keyword
intelligent4,Intelligent,Keyword
intend4,Intend,Keyword
intensity4,Intensity,Keyword
intent4,Intent,Keyword
interacting4,Interacting,Keyword
interaction4,Interaction,Keyword
intercorrelate4,Inter-Correlate,Keyword
interest4,Interest,Keyword
interfere4,Interfere,Keyword
internal4,Internal,Keyword
internet4,Internet,Keyword
interpret4,Interpret,Keyword
interrupt4,Interrupt,Keyword
intervention4,Intervention,Keyword
intrinsic4,Intrinsic,Keyword
introduce4,Introduce,Keyword
intuitive4,Intuitive,Keyword
invalid4,Invalid,Keyword
invention4,Invention,Keyword
investing4,Invest,Keyword
investment4,Investment,Keyword
irrational4,Irrational,Keyword
irrelevant4,Irrelevant,Keyword
irresponsible4,Irresponsible,Keyword
irritate4,Irritate,Keyword
isolating4,Isolating,Keyword
isolation4,Isolation,Keyword
item4,Item,Keyword
itself4,Itself,Keyword
job4,Job,Keyword
joint4,Joint,Keyword
judge4,Judge,Keyword
judgement4,Judgement,Keyword
judgment4,Judgment,Keyword
jury4,Jury,Keyword
just4,Just,Keyword
justification4,Justification,Keyword
justified4,Justified,Keyword
justify4,Justify,Keyword
keep4,Keep,Keyword
kind4,Kind,Keyword
know4,Know,Keyword
lack4,Lack,Keyword
lake4,Lake,Keyword
language4,Language,Keyword
large4,Large,Keyword
last4,Last,Keyword
later4,Later,Keyword
lawyer4,Lawyer,Keyword
lazy4,Lazy,Keyword
lead4,Lead,Keyword
learn4,Learn,Keyword
least4,Least,Keyword
left4,Left,Keyword
length4,Length,Keyword
lenient4,Lenient,Keyword
less4,Less,Keyword
leveling4,Level,Keyword
levels4,Levels,Keyword
life4,Life,Keyword
lifetime4,Lifetime,Keyword
likelihood4,Likelihood,Keyword
likely4,Likely,Keyword
liking4,Liking,Keyword
limit4,Limit,Keyword
limitations4,Limitations,Keyword
limits4,Limits,Keyword
linguistic4,Linguistic,Keyword
list4,List,Keyword
live4,Live,Keyword
logical4,Logical,Keyword
long4,Long,Keyword
look4,Look,Keyword
lose4,Lose,Keyword
losing4,Losing,Keyword
loss4,Loss,Keyword
losses4,Losses,Keyword
lost4,Lost,Keyword
lot4,Lot,Keyword
love4,Love,Keyword
lower4,Lower,Keyword
luck4,Luck,Keyword
lying4,Lying,Keyword
made4,Made,Keyword
majority4,Majority,Keyword
make4,Make,Keyword
maker4,Maker,Keyword
making4,Making,Keyword
male4,Male,Keyword
manifest4,Manifest,Keyword
manipulate4,Manipulate,Keyword
manner4,Manner,Keyword
many4,Many,Keyword
mass4,Mass,Keyword
match4,Match,Keyword
matching4,Match,Keyword
material4,Material,Keyword
matter4,Matter,Keyword
mean4,Mean,Keyword
measure4,Measure,Keyword
media4,Media,Keyword
meet4,Meet,Keyword
memories4,Memories,Keyword
memory24,Memory,Keyword
mental4,Mental,Keyword
mention4,Mention,Keyword
merely4,Merely,Keyword
message4,Message,Keyword
method4,Method,Keyword
methodologies4,Methodologies,Keyword
middle4,Middle,Keyword
might4,Might,Keyword
mimicking4,Mimic,Keyword
mind4,Mind,Keyword
minimize4,Minimize,Keyword
minor4,Minor,Keyword
mirror4,Mirror,Keyword
misattribution4,Misattribution,Keyword
miserable4,Miserable,Keyword
misinformation4,Misinformation,Keyword
misinterpret4,Misinterpret,Keyword
miss4,Miss,Keyword
mistake4,Mistake,Keyword
mistaken4,Mistaken,Keyword
moment4,Moment,Keyword
money4,Money,Keyword
mood4,Mood,Keyword
moon4,Moon,Keyword
moral4,Moral,Keyword
most4,Most,Keyword
motivation4,Motivation,Keyword
move4,Move,Keyword
much4,Much,Keyword
multiple4,Multiple,Keyword
nail4,Nail,Keyword
name4,Name,Keyword
nasty4,Nasty,Keyword
near4,Near,Keyword
necessarily4,Necessarily,Keyword
need4,Need,Keyword
negative4,Negative,Keyword
negatively4,Negatively,Keyword
negativity4,Negativity,Keyword
neglect4,Neglect,Keyword
nervous4,Nervous,Keyword
never4,Never,Keyword
nominal4,Nominal,Keyword
nonexistent4,Non-Existent,Keyword
nonhumorous4,Non-Humorous,Keyword
note4,Note,Keyword
nothing4,Nothing,Keyword
notice4,Notice,Keyword
notion4,Notion,Keyword
novelty4,Novelty,Keyword
number4,Number,Keyword
obeying4,Obey,Keyword
object4,Object,Keyword
observation4,Observation,Keyword
observe4,Observe,Keyword
observer4,Observer,Keyword
obtain4,Obtain,Keyword
obvious4,Obvious,Keyword
occur4,Occur,Keyword
odd4,Odd,Keyword
offend4,Offend,Keyword
off-task4,Off-Task,Keyword
often4,Often,Keyword
ofttravelled4,Oft-Travelled,Keyword
omission4,Omission,Keyword
once4,Once,Keyword
oneself4,Oneself,Keyword
online4,Online,Keyword
only4,Only,Keyword
opinion4,Opinion,Keyword
opponent4,Opponent,Keyword
oppose4,Oppose,Keyword
opposite4,Opposite,Keyword
optimal4,Optimal,Keyword
optimism4,Optimism,Keyword
optimistic4,Optimistic,Keyword
option4,Option,Keyword
order4,Order,Keyword
ordinary4,Ordinary,Keyword
original4,Original,Keyword
originate4,Originate,Keyword
ostracize4,Ostracize,Keyword
other4,Other,Keyword
otherwise4,Otherwise,Keyword
ourselves4,Ourselves,Keyword
outcome4,Outcome,Keyword
outofcontext4,Out-Of-Context,Keyword
outside4,Outside,Keyword
outstanding4,Outstanding,Keyword
over4,Over,Keyword
overlooking4,Overlooking,Keyword
overriding4,Overriding,Keyword
pain4,Pain,Keyword
paradigm4,Paradigm,Keyword
parole4,Parole,Keyword
partial4,Partial,Keyword
partially4,Partially,Keyword
participant4,Participant,Keyword
particular4,Particular,Keyword
partner4,Partner,Keyword
pass4,Pass,Keyword
passive4,Passive,Keyword
past4,Past,Keyword
pattern4,Pattern,Keyword
pay4,Pay,Keyword
payoff4,Payoff,Keyword
peak4,Peak,Keyword
peer4,Peer,Keyword
people4,People,Keyword
perceive4,Perceive,Keyword
perceiving4,Perceiving,Keyword
percent4,Percent,Keyword
perception4,Perception,Keyword
perfect4,Perfect,Keyword
perfection4,Perfection,Keyword
perform4,Perform,Keyword
period4,Period,Keyword
permission4,Permission,Keyword
persistent4,Persistent,Keyword
person4,Person,Keyword
perspective4,Perspective,Keyword
pertaining4,Pertain,Keyword
phantom4,Phantom,Keyword
phenomena4,Phenomena,Keyword
physical4,Physical,Keyword
picture4,Picture,Keyword
piece4,Piece,Keyword
place4,Place,Keyword
plain4,Plain,Keyword
plan4,Plan,Keyword
plant4,Plant,Keyword
plausibility4,Plausibility,Keyword
play4,Play,Keyword
pleasant4,Pleasant,Keyword
pleasing4,Pleasing,Keyword
pleasure4,Pleasure,Keyword
plenty4,Plenty,Keyword
point4,Point,Keyword
political4,Political,Keyword
population4,Population,Keyword
positive4,Positive,Keyword
positivity4,Positivity,Keyword
possessing4,Possess,Keyword
possess4,Possess,Keyword
possibility4,Possibility,Keyword
possible4,Possible,Keyword
possibly4,Possibly,Keyword
postevent4,Post-Event,Keyword
potential4,Potential,Keyword
power4,Power,Keyword
practice4,Practice,Keyword
preconception4,Preconception,Keyword
predetermined4,Predetermined,Keyword
predict4,Predict,Keyword
predisposition4,Predisposition,Keyword
prefer4,Prefer,Keyword
premise4,Premise,Keyword
presence4,Presence,Keyword
present4,Present,Keyword
presume4,Presume,Keyword
pretty4,Pretty,Keyword
prevention4,Prevention,Keyword
previous4,Previous,Keyword
previously4,Previously,Keyword
prior4,Prior,Keyword
privately4,Privately,Keyword
probabilities4,Probabilities,Keyword
probability4,Probability,Keyword
probable4,Probable,Keyword
probably4,Probably,Keyword
problem4,Problem,Keyword
process4,Process,Keyword
processing4,Process,Keyword
product4,Product,Keyword
project4,Project,Keyword
prominent4,Prominent,Keyword
promise4,Promise,Keyword
proof4,Proof,Keyword
proper4,Proper,Keyword
proposal4,Proposal,Keyword
protect4,Protect,Keyword
provide4,Provide,Keyword
psychological4,Psychological,Keyword
psychology4,Psychology,Keyword
public4,Public,Keyword
publish4,Publish,Keyword
pulled4,Pulled,Keyword
purchasing4,Purchasing,Keyword
purportedly4,Purportedly,Keyword
purposeful4,Purposeful,Keyword
pursuing4,Pursuing,Keyword
qualities4,Qualities,Keyword
quality4,Quality,Keyword
quantitie4,Quantitie,Keyword
question4,Question,Keyword
questioner4,Questioner,Keyword
quick4,Quick,Keyword
quickly4,Quickly,Keyword
quirk4,Quirk,Keyword
race4,Race,Keyword
racial4,Racial,Keyword
random4,Random,Keyword
range4,Range,Keyword
rare4,Rare,Keyword
rash4,Rash,Keyword
rate4,Rate,Keyword
rather4,Rather,Keyword
rating4,Rating,Keyword
rational4,Rational,Keyword
rationalize4,Rationalize,Keyword
raw4,Raw,Keyword
reach4,Reach,Keyword
react4,React,Keyword
reaction4,Reaction,Keyword
read4,Read,Keyword
readily4,Readily,Keyword
real4,Real,Keyword
reality4,Reality,Keyword
realize4,Realize,Keyword
really4,Really,Keyword
reason4,Reason,Keyword
reasoning4,Reason,Keyword
recall4,Recall,Keyword
recalling4,Recall,Keyword
receive4,Receive,Keyword
recency4,Recency,Keyword
recent4,Recent,Keyword
recently4,Recently,Keyword
reckless4,Reckless,Keyword
recognize4,Recognize,Keyword
recollection4,Recollection,Keyword
record4,Record,Keyword
recurring4,Recur,Keyword
reducing4,Reducing,Keyword
reduction4,Reduction,Keyword
refer4,Refer,Keyword
referring4,Refer,Keyword
reference4,Reference,Keyword
reflect4,Reflect,Keyword
reflective4,Reflective,Keyword
refusal4,Refusal,Keyword
regardless4,Regardless,Keyword
registers4,Registers,Keyword
regression4,Regression,Keyword
reinforce4,Reinforce,Keyword
reject4,Reject,Keyword
relate4,Relate,Keyword
relating4,Relating,Keyword
relation4,Relation,Keyword
relationship4,Relationship,Keyword
relative4,Relative,Keyword
relatively4,Relatively,Keyword
reliably4,Reliably,Keyword
reliance4,Reliance,Keyword
rely4,Rely,Keyword
remain4,Remain,Keyword
remember4,Remember,Keyword
remembered4,Remember,Keyword
remembering4,Remember,Keyword
remind4,Remind,Keyword
remote4,Remote,Keyword
removing4,Removing,Keyword
repeat4,Repeat,Keyword
repetition4,Repetition,Keyword
report4,Report,Keyword
represent4,Represent,Keyword
representation4,Representation,Keyword
representative4,Representative,Keyword
require4,Require,Keyword
requiring4,Requiring,Keyword
rereading4,Rereading,Keyword
research4,Research,Keyword
researcher4,Researcher,Keyword
resembling4,Resembling,Keyword
resent4,Resent,Keyword
resist4,Resist,Keyword
respect4,Respect,Keyword
response4,Response,Keyword
responsibilities4,Responsibilities,Keyword
responsibility4,Responsibility,Keyword
responsible4,Responsible,Keyword
restraint4,Restraint,Keyword
result4,Result,Keyword
retain4,Retain,Keyword
retelling4,Re-Telling,Keyword
retrieve4,Retrieve,Keyword
retrieving4,Retrieving,Keyword
retrospection4,Retrospection,Keyword
reverse4,Reverse,Keyword
revise4,Revise,Keyword
reward4,Reward,Keyword
rewriting4,Rewriting,Keyword
rhyming4,Rhyming,Keyword
right4,Right,Keyword
risk4,Risk,Keyword
riskaverse4,Risk-Averse,Keyword
riskseeking4,Risk-Seeking,Keyword
robot4,Robot,Keyword
role4,Role,Keyword
romance4,Romance,Keyword
romantic4,Romantic,Keyword
room4,Room,Keyword
rosy4,Rosy,Keyword
route4,Route,Keyword
rude4,Rude,Keyword
run4,Run,Keyword
safe4,Safe,Keyword
same4,Same,Keyword
sample4,Sample,Keyword
save4,Save,Keyword
savouring4,Savouring,Keyword
scientific4,Scientific,Keyword
search4,Search,Keyword
security4,Security,Keyword
seeing4,See,Keyword
seek4,Seek,Keyword
seem4,Seem,Keyword
selection4,Selection,Keyword
selective4,Selective,Keyword
self4,Self,Keyword
selfaware4,Self-Aware,Keyword
selfcontrol4,Self-Control,Keyword
selfinterest4,Self-Interest,Keyword
selfreinforcing4,Self-Reinforcing,Keyword
selfserving4,Self-Serving,Keyword
sell4,Sell,Keyword
selling4,Sell,Keyword
selves4,Selves,Keyword
send4,Send,Keyword
sense4,Sense,Keyword
sensing4,Sensing,Keyword
sensory4,Sensory,Keyword
sentient4,Sentient,Keyword
separately4,Separately,Keyword
sequence4,Sequence,Keyword
serving4,Serving,Keyword
session4,Session,Keyword
several4,Several,Keyword
severe4,Severe,Keyword
sex4,Sex,Keyword
shape4,Shape,Keyword
share4,Share,Keyword
shared4,Share,Keyword
sharpening4,Sharpening,Keyword
shed4,Shed,Keyword
shift4,Shift,Keyword
short4,Short,Keyword
shortly4,Shortly,Keyword
show4,Show,Keyword
shown4,Shown,Keyword
sight4,Sight,Keyword
significance4,Significance,Keyword
significant4,Significant,Keyword
similar4,Similar,Keyword
similarity4,Similarity,Keyword
simply4,Simply,Keyword
simultaneously4,Simultaneously,Keyword
single4,Single,Keyword
singular4,Singular,Keyword
situation4,Situation,Keyword
situational4,Situational,Keyword
size4,Size,Keyword
skip4,Skip,Keyword
slow4,Slow,Keyword
small4,Small,Keyword
smaller4,Smaller,Keyword
snap4,Snap,Keyword
sneaky4,Sneaky,Keyword
snobbery4,Snobbery,Keyword
so-called4,So-Called,Keyword
social24,Social,Keyword
social4,Social,Keyword
socially4,Socially,Keyword
societal4,Societal,Keyword
society4,Society,Keyword
solve4,Solve,Keyword
someone4,Someone,Keyword
something4,Something,Keyword
sometime4,Sometime,Keyword
sooner4,Sooner,Keyword
sort4,Sort,Keyword
sound4,Sound,Keyword
source4,Source,Keyword
spacing4,Spacing,Keyword
span4,Span,Keyword
speaking4,Speak,Keyword
special4,Special,Keyword
specific4,Specific,Keyword
speech4,Speech,Keyword
speed4,Speed,Keyword
spend4,Spend,Keyword
spent4,Spent,Keyword
spill4,Spill,Keyword
spoke4,Spoke,Keyword
sport4,Sport,Keyword
spread4,Spread,Keyword
spur4,Spur,Keyword
standing4,Stand,Keyword
stand4,Stand,Keyword
standard4,Standard,Keyword
start4,Start,Keyword
state4,State,Keyword
statement4,Statement,Keyword
statistical4,Statistical,Keyword
statusquo4,Status Quo,Keyword
stay4,Stay,Keyword
steer4,Steer,Keyword
step4,Step,Keyword
stereotype4,Stereotype,Keyword
stick4,Stick,Keyword
still4,Still,Keyword
stimulus4,Stimulus,Keyword
stochastic4,Stochastic,Keyword
stories4,Stories,Keyword
stove4,Stove,Keyword
strange4,Strange,Keyword
strategic4,Strategic,Keyword
streaks4,Streaks,Keyword
strength4,Strength,Keyword
stretch4,Stretch,Keyword
strict4,Strict,Keyword
striking4,Striking,Keyword
stronger4,Stronger,Keyword
stuck4,Stuck,Keyword
studies4,Studies,Keyword
study4,Study,Keyword
studying4,Study,Keyword
stupid4,Stupid,Keyword
subject4,Subject,Keyword
subjectexpectancy4,Subject-Expectancy,Keyword
subjective4,Subjective,Keyword
suboptimal4,Sub-Optimal,Keyword
subsequently4,Subsequently,Keyword
substitute4,Substitute,Keyword
substitution4,Substitution,Keyword
subtraction4,Subtraction,Keyword
success4,Success,Keyword
such4,Such,Keyword
suddenly4,Suddenly,Keyword
suffering4,Suffer,Keyword
suffer4,Suffer,Keyword
suggest4,Suggest,Keyword
suggesting4,Suggest,Keyword
suicide4,Suicide,Keyword
suit4,Suit,Keyword
sunk4,Sunk,Keyword
superiority4,Superiority,Keyword
supposedly4,Supposedly,Keyword
suppressing4,Suppress,Keyword
surpass4,Surpass,Keyword
survive4,Survive,Keyword
suspect4,Suspect,Keyword
sweet-talk4,Sweet-Talk,Keyword
system4,System,Keyword
systematic4,Systematic,Keyword
tailored4,Tailor,Keyword
take4,Take,Keyword
taken4,Taken,Keyword
taking4,Taking,Keyword
talk4,Talk,Keyword
target4,Target,Keyword
task4,Task,Keyword
taskcompletion4,Task-Completion,Keyword
telling4,Tell,Keyword
tell4,Tell,Keyword
temper4,Temper,Keyword
temptation4,Temptation,Keyword
tend4,Tend,Keyword
term4,Term,Keyword
terrible4,Terrible,Keyword
test4,Test,Keyword
themselves4,Themselves,Keyword
theories4,Theories,Keyword
thing4,Thing,Keyword
think4,Think,Keyword
thinking4,Think,Keyword
thirdperson4,Third-Person,Keyword
thought4,Thought,Keyword
through4,Through,Keyword
throughout4,Throughout,Keyword
time4,Time,Keyword
timely4,Timely,Keyword
timing4,Timing,Keyword
today4,Today,Keyword
toe4,Toe,Keyword
told4,Told,Keyword
tool4,Tool,Keyword
totally4,Totally,Keyword
toward4,Toward,Keyword
town4,Town,Keyword
track4,Track,Keyword
tradeoff4,Trade-Off,Keyword
traditionally4,Traditionally,Keyword
trait4,Trait,Keyword
traverse4,Traverse,Keyword
treat4,Treat,Keyword
treatment4,Treatment,Keyword
trick4,Trick,Keyword
triumph4,Triumph,Keyword
trouble4,Trouble,Keyword
trustworthy4,Trustworthy,Keyword
truth4,Truth,Keyword
try4,Try,Keyword
turn4,Turn,Keyword
twice4,Twice,Keyword
type4,Type,Keyword
unable4,Unable,Keyword
uncertainty4,Uncertainty,Keyword
uncompleted4,Uncompleted,Keyword
unconscious4,Unconscious,Keyword
unconsciously4,Unconsciously,Keyword
under4,Under,Keyword
underlying4,Underlying,Keyword
understand4,Understand,Keyword
undesirable4,Undesirable,Keyword
undue4,Undue,Keyword
unfriendly4,Unfriendly,Keyword
unknown4,Unknown,Keyword
unnecessary4,Unnecessary,Keyword
unpleasant4,Unpleasant,Keyword
unpredictable4,Unpredictable,Keyword
unreal4,Unreal,Keyword
unrelated4,Unrelated,Keyword
unremarkable4,Unremarkable,Keyword
unsafe4,Unsafe,Keyword
unshared4,Unshare,Keyword
unskilled4,Unskilled,Keyword
untrue4,Untrue,Keyword
unusual4,Unusual,Keyword
urge4,Urge,Keyword
usage4,Usage,Keyword
usefulness4,Usefulness,Keyword
useless4,Useless,Keyword
using4,Using,Keyword
usual4,Usual,Keyword
usually4,Usually,Keyword
utility4,Utility,Keyword
vague4,Vague,Keyword
valence4,Valence,Keyword
value4,Value,Keyword
valuing4,Valuing,Keyword
variable4,Variable,Keyword
variant4,Variant,Keyword
variation4,Variation,Keyword
varied4,Varied,Keyword
veracity4,Veracity,Keyword
verbatim4,Verbatim,Keyword
versa4,Versa,Keyword
version4,Version,Keyword
vice4,Vice,Keyword
victim4,Victim,Keyword
view4,View,Keyword
visibility4,Visibility,Keyword
vivid4,Vivid,Keyword
waking4,Waking,Keyword
weaknesses4,Weaknesses,Keyword
week4,Week,Keyword
weight4,Weight,Keyword
weird4,Weird,Keyword
whole4,Whole,Keyword
wide4,Wide,Keyword
willing4,Will,Keyword
wishful4,Wishful,Keyword
wobegon4,Wobegon,Keyword
women4,Women,Keyword
word4,Word,Keyword
work4,Work,Keyword
workrelated4,Work-Related,Keyword
world4,World,Keyword
worry4,Worry,Keyword
worse4,Worse,Keyword
worst4,Worst,Keyword
worth4,Worth,Keyword
writing4,Writing,Keyword
written4,Written,Keyword
wrong4,Wrong,Keyword
yield4,Yield,Keyword
zero4,Zero,Keyword
zone4,Zone,Keyword
